Model,P1 ,P2 ,P3,P4 ,P5
bert,0.917993903,0.555555551,0.918,0.5000 ,0.01
roberta,0.9641,0.222,0.9934,0.4286,0.002
distilbert,0.9641,0.1111,0.9641,0.5100 ,0.011
xlnet,0.9869,0.2223,0.9869,0.42866,0.023
albert,0.9441,0.1111,0.9341,0.001,0.001
