Model,P1 ,P2 ,P3,P4 ,P5,Topsis Score,Rank
bert,0.917993903,0.555555551,0.918,0.5,0.01,82.03,1.0
roberta,0.9641,0.222,0.9934,0.4286,0.002,48.34,2.0
distilbert,0.9641,0.1111,0.9641,0.51,0.011,33.27,4.0
xlnet,0.9869,0.2223,0.9869,0.42866,0.023,30.61,5.0
albert,0.9441,0.1111,0.9341,0.001,0.001,35.47,3.0
